{
  "project_info": {
    "project_number": "515863381576",
    "firebase_url": "https://vjti-49511.firebaseio.com",
    "project_id": "vjti-49511",
    "storage_bucket": "vjti-49511.appspot.com"
  },
  "client": [
    {
      "client_info": {
        "mobilesdk_app_id": "1:515863381576:android:e69464485b362d85",
        "android_client_info": {
          "package_name": "com.example.menu2"
        }
      },
      "oauth_client": [
        {
          "client_id": "515863381576-3f7kbaegutam9idjmtpbvfsdfnt7btf9.apps.googleusercontent.com",
          "client_type": 3
        }
      ],
      "api_key": [
        {
          "current_key": "AIzaSyA89A77C6-evYjxPKZDlhQQUKvH4xE_o94"
        }
      ],
      "services": {
        "appinvite_service": {
          "other_platform_oauth_client": [
            {
              "client_id": "515863381576-3f7kbaegutam9idjmtpbvfsdfnt7btf9.apps.googleusercontent.com",
              "client_type": 3
            }
          ]
        }
      }
    }
  ],
  "configuration_version": "1"
}